Название,Цена
Диван Нумо Velvet Pink,44840
Банкетка Вайли Velvet Light,12640
Кресло Кенсол Velvet Ginger,22990
Диван Риен Velvet Stone,59790
Кресло Кото Cozy Beige,31040
Диван Нумо Мини Textile Yellow,31040
Диван угловой Онте Bucle Silver,126490
Кресло Витио Velvet Yellow,26440
Кресло Пайпел-2 Bucle Forest,43690
Диван Види Textile Navy Blue,29890
Кресло Ансил Bucle Milk,36790
Диван угловой Аронт Мини Velvet Olive,68990
Пуф Кропс Bucle Lilac,10340
Диван Маре Мини Velvet Beige,33340
Пуф Кофи Velvet Light,5280
Кресло Тилар Textile Yellow,27590
Диван Лави Velvet Moss,50590
Диван Викс Textile Silver,27590
Кресло Лонди Cozy Ivory,50590
Диван Лилле Velvet Atlantic,51740
Пуф Дзен-1 Velvet Beige,11490
Диван Саннес Velvet Terra,49440
Диван Роттердам Velvet Silver,31040
Диван Сваут Velvet Beige,77040
Кресло Пайл Textile Grafit,31040
Диван угловой Стаус Velvet Olive,45990
Кресло Кальдера Barhat Mint,40240
Диван Терм Velvet Beige,80490
Кресло-кровать Кейсес Velvet Grey,26440
Кушетка Ринт Bucle Pink,24140
Диван Тайлин Velvet Yellow,45990
Кресло Элвит Cozy Ivory,34490
Диван Слипсон Velvet Silver,68990
Диван угловой Аллаум Linia Mint,60940
Кресло Винси Textile Ginger,22990
Диван Рон Textile Grafit,63240
Модульный диван Этен 1 Vertical Milk,133350
Диван Спейс Soft Navy Blue,77040
Пуф Акера-2 Velvet Yellow,13790
Диван Эби Мини Linia Mint,67840
Диван Льери Barhat Blue,97740
Диван угловой Маркфул Velvet Light,91990
Диван Сваут Velvet Moss,77040
Диван Льери Мини Velvet Light,74740
Диван Эби Velvet Blue,77040
Диван Спейс-2 Velvet Beige,103490
Модульный диван Риббл-1 Bucle Lilac,90830
Кресло Кальдера Bucle Cloud,42540
