Название модели,Цена,Ссылка на модель
Диван угловой Онте Textile Grafit,149 490руб.,https://www.divan.ru/vladikavkaz/product/divan-uglovoj-onte-textile-grafit
Диван Самми Velvet Beige,40 240руб.,https://www.divan.ru/vladikavkaz/product/divan-sammi-velvet-beige
Диван Спейс-2 Velvet Beige,103 490руб.,https://www.divan.ru/vladikavkaz/product/divan-spejs-2-velvet-beige
Диван Ларонсо Soft Silver,109 240руб.,https://www.divan.ru/vladikavkaz/product/divan-laronso-soft-silver
Диван Онте Textile Grey,137 990руб.,https://www.divan.ru/vladikavkaz/product/divan-onte-textile-grey
Диван Терм Zamsha Ginger,103 490руб.,https://www.divan.ru/vladikavkaz/product/divan-term-zamsha-ginger
Модульный диван Этен 6 Vertical Jeans,95 410руб.,https://www.divan.ru/vladikavkaz/product/modulnyj-divan-eten-6-vertical-jeans
Диван Сорен Textile Grey,70 140руб.,https://www.divan.ru/vladikavkaz/product/divan-soren-textile-grey
Диван Клаймар Velvet Beige,67 840руб.,https://www.divan.ru/vladikavkaz/product/divan-klajmar-velvet-beige
Диван Дисент Velvet Smoke,91 990руб.,https://www.divan.ru/vladikavkaz/product/divan-disent-time-grey
Диван Коренс-3 Happy Light,42 540руб.,https://www.divan.ru/vladikavkaz/product/divan-korens-3-happy-light
Диван Шилдс Bucle Silver,103 490руб.,https://www.divan.ru/vladikavkaz/product/divan-shilds-bucle-silver
Кушетка Берил Velvet Grey,44 840руб.,https://www.divan.ru/vladikavkaz/product/kushetka-beril-velvet-grey
Диван Сорен Textile Grafit,70 140руб.,https://www.divan.ru/vladikavkaz/product/divan-soren-textile-grafit
Диван Слипсон Velvet Stone,68 990руб.,https://www.divan.ru/vladikavkaz/product/divan-slipson-velvet-stone
Диван Лонди Cozy Emerald,51 740руб.,https://www.divan.ru/vladikavkaz/product/divan-londi-cozy-emerald
Диван Сторм Land Yellow,68 990руб.,https://www.divan.ru/vladikavkaz/product/divan-storm-land-yellow
